"DESCRIPTION","DURATION IN MS","NAME","PARENT SUITE","START TIME","STATUS","STOP TIME","SUB SUITE","SUITE","TEST CLASS","TEST METHOD"
"","7116","PasswordItemsPage_HasSearchBox","","2026-07-22","passed","2026-07-22","","VaultGuard.Tests.Playwright.PasswordItemCrudTests","VaultGuard.Tests.Playwright.PasswordItemCrudTests",""
"","0","Generate_NegativeWordCount_ClampsToTwo","Vault Data Management","2026-07-22","passed","2026-07-22","Passphrase Generator - Edge Cases","Password Strength & Generation","PassphraseGeneratorEdgeCaseTests","Generate_NegativeWordCount_ClampsToTwo"
"","2","GenerateCode_ChangesAcrossWindows","Cryptography & Security","2026-07-22","passed","2026-07-22","TOTP Service","Two-Factor Authentication","TotpServiceTests","GenerateCode_ChangesAcrossWindows"
"","0","DeriveKey_EmptyPassword_Throws","Cryptography & Security","2026-07-22","passed","2026-07-22","Boundary & Edge Cases","Encryption & Key Derivation","CryptographyEdgeCaseTests","DeriveKey_EmptyPassword_Throws"
"","8","GetDefaultCollectionAsync_WhenNoCollectionsExist_ShouldReturnNull","Vault Data Management","2026-07-22","passed","2026-07-22","Collections Service","Categories & Collections","CollectionServiceTests","GetDefaultCollectionAsync_WhenNoCollectionsExist_ShouldReturnNull"
"","3","GetAllUsersAsync_ShouldReturnAllUsers","Accounts & API Access","2026-07-22","passed","2026-07-22","Service Layer","User Profiles","UserProfileServiceTests","GetAllUsersAsync_ShouldReturnAllUsers"
"","20458","Dashboard_LoadsSuccessfully","","2026-07-22","passed","2026-07-22","","VaultGuard.Tests.Playwright.ApplicationWorkflowTests","VaultGuard.Tests.Playwright.ApplicationWorkflowTests",""
"","0","Evaluate_Sequence_IsPenalised","Vault Data Management","2026-07-22","passed","2026-07-22","Password Strength Scoring","Password Strength & Generation","PasswordStrengthServiceTests","Evaluate_Sequence_IsPenalised"
"","6821","Passkeys_Page_ShowsWebsitePasskeysSection","","2026-07-22","passed","2026-07-22","","VaultGuard.Tests.Playwright.PasskeysAndSettingsTests","VaultGuard.Tests.Playwright.PasskeysAndSettingsTests",""
"","3","CreateUser_Valid_ReturnsCreatedAtGetUserById","Accounts & API Access","2026-07-22","passed","2026-07-22","Controller Endpoints","User Profiles","UserProfileControllerTests","CreateUser_Valid_ReturnsCreatedAtGetUserById"
"","0","EncryptPassword_WithEmptyPassword_ShouldThrowArgumentException","Cryptography & Security","2026-07-22","passed","2026-07-22","Encryption","Password Vault Cryptography","PasswordCryptoServiceTests","EncryptPassword_WithEmptyPassword_ShouldThrowArgumentException"
"","38","CreateAsync_WhenCollectionsExist_ShouldNotMarkAsDefault","Vault Data Management","2026-07-22","passed","2026-07-22","Collections Service","Categories & Collections","CollectionServiceTests","CreateAsync_WhenCollectionsExist_ShouldNotMarkAsDefault"
"","0","DeriveKeyArgon2id_ZeroParallelism_Throws","Cryptography & Security","2026-07-22","passed","2026-07-22","Boundary & Edge Cases","Encryption & Key Derivation","CryptographyEdgeCaseTests","DeriveKeyArgon2id_ZeroParallelism_Throws"
"","1","DeriveSubKey_EmptyMasterKey_Throws","Cryptography & Security","2026-07-22","passed","2026-07-22","Boundary & Edge Cases","Encryption & Key Derivation","CryptographyEdgeCaseTests","DeriveSubKey_EmptyMasterKey_Throws"
"","2","Update_Valid_ReturnsOkWithUpdatedItem","Vault Data Management","2026-07-22","passed","2026-07-22","Controller Endpoints","Password Items","PasswordItemsControllerTests","Update_Valid_ReturnsOkWithUpdatedItem"
"","66","Schema_PasswordItemsTable_DoesNotHaveVaultIdColumn","Platform & Infrastructure","2026-07-22","passed","2026-07-22","Schema Guards","Data Seeding","SeedingTests","Schema_PasswordItemsTable_DoesNotHaveVaultIdColumn"
"","0","GenerateToken_TwoCallsForSameUser_ProduceDifferentTokens","Accounts & API Access","2026-07-22","passed","2026-07-22","Token Generation","API Tokens","JwtServiceTests","GenerateToken_TwoCallsForSameUser_ProduceDifferentTokens"
"","7081","DeletePasswordItem_ShouldRemoveItemFromList","","2026-07-22","passed","2026-07-22","","VaultGuard.Tests.Playwright.PasswordItemCrudTests","VaultGuard.Tests.Playwright.PasswordItemCrudTests",""
"","0","GenerateCode_InvalidSecret_ReturnsNull","Cryptography & Security","2026-07-22","passed","2026-07-22","TOTP Service","Two-Factor Authentication","TotpServiceTests","GenerateCode_InvalidSecret_ReturnsNull"
"","2","ImportPasswordsAsync_WhenProviderReportsFailure_DoesNotPersist","Vault Data Management","2026-07-22","passed","2026-07-22","","Import","ImportServiceTests","ImportPasswordsAsync_WhenProviderReportsFailure_DoesNotPersist"
"","1","DeriveSubKey_DomainSeparation_ProducesIndependentKeys","Cryptography & Security","2026-07-22","passed","2026-07-22","Happy-Path Round Trips","Encryption & Key Derivation","CryptographyTests","DeriveSubKey_DomainSeparation_ProducesIndependentKeys"
"","6780","Settings_DeepLink_ActivatesRequestedTab (Database)","","2026-07-22","passed","2026-07-22","","VaultGuard.Tests.Playwright.PasskeysAndSettingsTests","VaultGuard.Tests.Playwright.PasskeysAndSettingsTests",""
"","3","GetAllAsync_WithDeduplication_StillExceedsSixItems","Vault Data Management","2026-07-22","passed","2026-07-22","Categories Service","Categories & Collections","CategoryServiceTests","GetAllAsync_WithDeduplication_StillExceedsSixItems"
"","4","CreateMasterPasswordHash_WithValidInputs_ShouldReturnHash","Cryptography & Security","2026-07-22","passed","2026-07-22","Master Password Hashing & Verification","Password Vault Cryptography","PasswordCryptoServiceTests","CreateMasterPasswordHash_WithValidInputs_ShouldReturnHash"
"","2","GetById_WithValidId_ShouldReturnOkWithCollection","Vault Data Management","2026-07-22","passed","2026-07-22","Collections Controller","Categories & Collections","CollectionsControllerTests","GetById_WithValidId_ShouldReturnOkWithCollection"
"","2","UpdateUserProfileAsync_WithNonExistentUser_ShouldReturnFailureResult","Accounts & API Access","2026-07-22","passed","2026-07-22","Service Layer","User Profiles","UserProfileServiceTests","UpdateUserProfileAsync_WithNonExistentUser_ShouldReturnFailureResult"
"","1","Create_WithoutCreatePermission_ReturnsForbid","Vault Data Management","2026-07-22","passed","2026-07-22","Controller Endpoints","Password Items","PasswordItemsControllerTests","Create_WithoutCreatePermission_ReturnsForbid"
"","2","GetById_ItemBelongsToAnotherUser_ReturnsNotFound_NotForbidden","Vault Data Management","2026-07-22","passed","2026-07-22","Controller Endpoints","Password Items","PasswordItemsControllerTests","GetById_ItemBelongsToAnotherUser_ReturnsNotFound_NotForbidden"
"","0","ValidateName_WithSingleCharacter_ReturnsFalse","Cryptography & Security","2026-07-22","passed","2026-07-22","Name Validation","Input Validation","InputValidationHelperTests","ValidateName_WithSingleCharacter_ReturnsFalse"
"","2","Delete_WithInvalidId_ShouldReturnNotFound","Vault Data Management","2026-07-22","passed","2026-07-22","Collections Controller","Categories & Collections","CollectionsControllerTests","Delete_WithInvalidId_ShouldReturnNotFound"
"","1","Analyze_DetectsReusedPasswords","Cryptography & Security","2026-07-22","passed","2026-07-22","","Security Auditing","SecurityAuditServiceTests","Analyze_DetectsReusedPasswords"
"","7088","PasswordItemsPage_LoadsSuccessfully","","2026-07-22","passed","2026-07-22","","VaultGuard.Tests.Playwright.PasswordItemCrudTests","VaultGuard.Tests.Playwright.PasswordItemCrudTests",""
"","6748","Dashboard_NavBar_AllLinksPresent","","2026-07-22","passed","2026-07-22","","VaultGuard.Tests.Playwright.ApplicationWorkflowTests","VaultGuard.Tests.Playwright.ApplicationWorkflowTests",""
"","1","GetAllAsync_EmptyDatabase_ReturnsEmptyList","Vault Data Management","2026-07-22","passed","2026-07-22","Categories Service","Categories & Collections","CategoryServiceTests","GetAllAsync_EmptyDatabase_ReturnsEmptyList"
"","1","ValidateRefreshTokenAsync_KnownUserWrongToken_ReturnsFalse","Accounts & API Access","2026-07-22","passed","2026-07-22","Refresh Token Store","API Tokens","JwtServiceTests","ValidateRefreshTokenAsync_KnownUserWrongToken_ReturnsFalse"
"","1","DeleteApiKey_NoUserIdClaim_ReturnsUnauthorized","Accounts & API Access","2026-07-22","passed","2026-07-22","Controller Endpoints","API Keys","ApiKeysControllerTests","DeleteApiKey_NoUserIdClaim_ReturnsUnauthorized"
"","7365","CreateCategory_ShouldOpenDialogAndCreateCategory","","2026-07-22","passed","2026-07-22","","VaultGuard.Tests.Playwright.CategoryCrudTests","VaultGuard.Tests.Playwright.CategoryCrudTests",""
"","1","AesGcm_RoundTrip_ReturnsOriginalPlaintext","Cryptography & Security","2026-07-22","passed","2026-07-22","Happy-Path Round Trips","Encryption & Key Derivation","CryptographyTests","AesGcm_RoundTrip_ReturnsOriginalPlaintext"
"","68","Schema_CategoriesTable_DoesNotHaveVaultIdColumn","Platform & Infrastructure","2026-07-22","passed","2026-07-22","Schema Guards","Data Seeding","SeedingTests","Schema_CategoriesTable_DoesNotHaveVaultIdColumn"
"","1","GetAll_WhenServiceThrowsException_ShouldReturnInternalServerError","Vault Data Management","2026-07-22","passed","2026-07-22","Collections Controller","Categories & Collections","CollectionsControllerTests","GetAll_WhenServiceThrowsException_ShouldReturnInternalServerError"
"","1","GetAllUsers_WhenServiceThrows_ReturnsInternalServerError","Accounts & API Access","2026-07-22","passed","2026-07-22","Controller Endpoints","User Profiles","UserProfileControllerTests","GetAllUsers_WhenServiceThrows_ReturnsInternalServerError"
"","7974","VaultsPage_ShowsDashboardStats","","2026-07-22","passed","2026-07-22","","VaultGuard.Tests.Playwright.VaultCrudTests","VaultGuard.Tests.Playwright.VaultCrudTests",""
"","7138","CreateVault_ShouldOpenForm","","2026-07-22","passed","2026-07-22","","VaultGuard.Tests.Playwright.VaultCrudTests","VaultGuard.Tests.Playwright.VaultCrudTests",""
"","1","GetDefaultCollectionAsync_WhenDefaultExists_ShouldReturnIt","Vault Data Management","2026-07-22","passed","2026-07-22","Collections Service","Categories & Collections","CollectionServiceTests","GetDefaultCollectionAsync_WhenDefaultExists_ShouldReturnIt"
"","8","GetByIdAsync_WithValidId_ShouldReturnCollectionWithRelatedData","Vault Data Management","2026-07-22","passed","2026-07-22","Collections Service","Categories & Collections","CollectionServiceTests","GetByIdAsync_WithValidId_ShouldReturnCollectionWithRelatedData"
"","0","GenerateToken_ProducesWellFormedJwtWithExpectedClaims","Accounts & API Access","2026-07-22","passed","2026-07-22","Token Generation","API Tokens","JwtServiceTests","GenerateToken_ProducesWellFormedJwtWithExpectedClaims"
"","1","ValidatePasswordMatch_WithDifferentPasswords_ReturnsFalse","Cryptography & Security","2026-07-22","passed","2026-07-22","Password Confirmation Matching","Input Validation","InputValidationHelperTests","ValidatePasswordMatch_WithDifferentPasswords_ReturnsFalse"
"","4","GetUserApiKeys_ReturnsKeysWithHashHidden","Accounts & API Access","2026-07-22","passed","2026-07-22","Controller Endpoints","API Keys","ApiKeysControllerTests","GetUserApiKeys_ReturnsKeysWithHashHidden"
"","7345","EditCategory_ShouldUpdateCategoryDetails","","2026-07-22","passed","2026-07-22","","VaultGuard.Tests.Playwright.CategoryCrudTests","VaultGuard.Tests.Playwright.CategoryCrudTests",""
"","3","IssueApiKey_WrongMasterPassword_ReturnsUnauthorized","Accounts & API Access","2026-07-22","passed","2026-07-22","Controller Endpoints","API Keys","ApiKeysControllerTests","IssueApiKey_WrongMasterPassword_ReturnsUnauthorized"
"","1","DeactivateUser_Valid_ReturnsNoContent","Accounts & API Access","2026-07-22","passed","2026-07-22","Controller Endpoints","User Profiles","UserProfileControllerTests","DeactivateUser_Valid_ReturnsNoContent"
"","2","UpdateUserProfile_ServiceFails_ReturnsBadRequest","Accounts & API Access","2026-07-22","passed","2026-07-22","Controller Endpoints","User Profiles","UserProfileControllerTests","UpdateUserProfile_ServiceFails_ReturnsBadRequest"
"","9","IssueApiKey_NoNameProvided_GeneratesDefaultName","Accounts & API Access","2026-07-22","passed","2026-07-22","Controller Endpoints","API Keys","ApiKeysControllerTests","IssueApiKey_NoNameProvided_GeneratesDefaultName"
"","15","HashPassword_VerifyPassword_RoundTrip","Cryptography & Security","2026-07-22","passed","2026-07-22","Boundary & Edge Cases","Encryption & Key Derivation","CryptographyEdgeCaseTests","HashPassword_VerifyPassword_RoundTrip"
"","4","ValidateApiKey_WithWrongValue_ReturnsNull","Accounts & API Access","2026-07-22","passed","2026-07-22","Service Layer","API Keys","ApiKeyServiceTests","ValidateApiKey_WithWrongValue_ReturnsNull"
"","6848","ImportExportWorkflow_ShouldHandleDataTransfer","","2026-07-22","passed","2026-07-22","","VaultGuard.Tests.Playwright.ApplicationWorkflowTests","VaultGuard.Tests.Playwright.ApplicationWorkflowTests",""
"","0","Evaluate_RepeatedCharacters_IsPenalised","Vault Data Management","2026-07-22","passed","2026-07-22","Password Strength Scoring","Password Strength & Generation","PasswordStrengthServiceTests","Evaluate_RepeatedCharacters_IsPenalised"
"","2","GetUserByIdAsync_WithValidUserId_ShouldReturnUserDetails","Accounts & API Access","2026-07-22","passed","2026-07-22","Service Layer","User Profiles","UserProfileServiceTests","GetUserByIdAsync_WithValidUserId_ShouldReturnUserDetails"
"","70","SeedCategories_WithoutVaultId_DoesNotThrow","Platform & Infrastructure","2026-07-22","passed","2026-07-22","Category Seeding","Data Seeding","SeedingTests","SeedCategories_WithoutVaultId_DoesNotThrow"
"","0","EncryptPasswordWithKey_WrongLengthKey_Throws","Cryptography & Security","2026-07-22","passed","2026-07-22","Boundary & Edge Cases","Encryption & Key Derivation","CryptographyEdgeCaseTests","EncryptPasswordWithKey_WrongLengthKey_Throws"
"","0","ValidateUsername_WithIllegalCharacters_ReturnsFalse","Cryptography & Security","2026-07-22","passed","2026-07-22","Username Validation","Input Validation","InputValidationHelperTests","ValidateUsername_WithIllegalCharacters_ReturnsFalse"
"","25","GetAllAsync_ShouldReturnAllCollectionsWithCategories","Vault Data Management","2026-07-22","passed","2026-07-22","Collections Service","Categories & Collections","CollectionServiceTests","GetAllAsync_ShouldReturnAllCollectionsWithCategories"
"","0","SaveRefreshTokenAsync_KeepsOnlyTheLastFiveTokensPerUser","Accounts & API Access","2026-07-22","passed","2026-07-22","Refresh Token Store","API Tokens","JwtServiceTests","SaveRefreshTokenAsync_KeepsOnlyTheLastFiveTokensPerUser"
"","21","DeleteApiKey_ByNonOwner_DoesNothing","Accounts & API Access","2026-07-22","passed","2026-07-22","Service Layer","API Keys","ApiKeyServiceTests","DeleteApiKey_ByNonOwner_DoesNothing"
"","3","UpdateUserProfileAsync_WithValidData_ShouldUpdateUser","Accounts & API Access","2026-07-22","passed","2026-07-22","Service Layer","User Profiles","UserProfileServiceTests","UpdateUserProfileAsync_WithValidData_ShouldUpdateUser"
"","2","DeactivateUser_UnknownId_ReturnsNotFound","Accounts & API Access","2026-07-22","passed","2026-07-22","Controller Endpoints","User Profiles","UserProfileControllerTests","DeactivateUser_UnknownId_ReturnsNotFound"
"","136","Argon2id_RoundTrip_IsDeterministic_AndSaltSensitive","Cryptography & Security","2026-07-22","passed","2026-07-22","Happy-Path Round Trips","Encryption & Key Derivation","CryptographyTests","Argon2id_RoundTrip_IsDeterministic_AndSaltSensitive"
"","3","Evaluate_AlwaysReturnsColourAndCrackTime","Vault Data Management","2026-07-22","passed","2026-07-22","Password Strength Scoring","Password Strength & Generation","PasswordStrengthServiceTests","Evaluate_AlwaysReturnsColourAndCrackTime"
"","18","Create_ChildRestrictedFromCreating_ReturnsForbid","Vault Data Management","2026-07-22","passed","2026-07-22","Controller Endpoints","Password Items","PasswordItemsControllerTests","Create_ChildRestrictedFromCreating_ReturnsForbid"
"","0","DecryptAes256Gcm_WrongLengthAuthTag_Throws","Cryptography & Security","2026-07-22","passed","2026-07-22","Boundary & Edge Cases","Encryption & Key Derivation","CryptographyEdgeCaseTests","DecryptAes256Gcm_WrongLengthAuthTag_Throws"
"","1","Generate_IncludeNumberFalse_LastCharacterIsNeverADigit","Vault Data Management","2026-07-22","passed","2026-07-22","Passphrase Generator - Edge Cases","Password Strength & Generation","PassphraseGeneratorEdgeCaseTests","Generate_IncludeNumberFalse_LastCharacterIsNeverADigit"
"","1","TryParse_OtpAuthUri_ExtractsParameters","Cryptography & Security","2026-07-22","passed","2026-07-22","TOTP Service","Two-Factor Authentication","TotpServiceTests","TryParse_OtpAuthUri_ExtractsParameters"
"","21","GetUserApiKeys_ReturnsOnlyActiveKeysForThatUser","Accounts & API Access","2026-07-22","passed","2026-07-22","Service Layer","API Keys","ApiKeyServiceTests","GetUserApiKeys_ReturnsOnlyActiveKeysForThatUser"
"","94","DeleteAsync_WithPasswordItems_ShouldMoveToDefaultCollection","Vault Data Management","2026-07-22","passed","2026-07-22","Collections Service","Categories & Collections","CollectionServiceTests","DeleteAsync_WithPasswordItems_ShouldMoveToDefaultCollection"
"","0","GeneratePng_EmptyContent_ReturnsEmpty","Cryptography & Security","2026-07-22","passed","2026-07-22","QR Code Provisioning","Two-Factor Authentication","QrCodeServiceTests","GeneratePng_EmptyContent_ReturnsEmpty"
"","6724","Settings_DeepLink_ActivatesRequestedTab (Appearance)","","2026-07-22","passed","2026-07-22","","VaultGuard.Tests.Playwright.PasskeysAndSettingsTests","VaultGuard.Tests.Playwright.PasskeysAndSettingsTests",""
"","1","DecryptPassword_WithInvalidBase64_ShouldThrowFormatException","Cryptography & Security","2026-07-22","passed","2026-07-22","Decryption","Password Vault Cryptography","PasswordCryptoServiceTests","DecryptPassword_WithInvalidBase64_ShouldThrowFormatException"
"","1","DeriveKey_ZeroIterations_Throws","Cryptography & Security","2026-07-22","passed","2026-07-22","Boundary & Edge Cases","Encryption & Key Derivation","CryptographyEdgeCaseTests","DeriveKey_ZeroIterations_Throws"
"","1","GetById_WithInvalidId_ShouldReturnNotFound","Vault Data Management","2026-07-22","passed","2026-07-22","Collections Controller","Categories & Collections","CollectionsControllerTests","GetById_WithInvalidId_ShouldReturnNotFound"
"","4","ApplyPendingMigrationsAsync_ShouldReturnValidResult","Platform & Infrastructure","2026-07-22","passed","2026-07-22","","Database Migrations","DatabaseMigrationServiceTests","ApplyPendingMigrationsAsync_ShouldReturnValidResult"
"","7271","PasskeysPage_LoadsSuccessfully","","2026-07-22","passed","2026-07-22","","VaultGuard.Tests.Playwright.UserManagementCrudTests","VaultGuard.Tests.Playwright.UserManagementCrudTests",""
"","215","SampleDataSeederFlow_SeedsOnlyOncePerUser","Platform & Infrastructure","2026-07-22","passed","2026-07-22","Full Pipeline & Referential Integrity","Data Seeding","SeedingTests","SampleDataSeederFlow_SeedsOnlyOncePerUser"
"","0","ValidatePasswordMatch_CaseSensitive_ReturnsFalse","Cryptography & Security","2026-07-22","passed","2026-07-22","Password Confirmation Matching","Input Validation","InputValidationHelperTests","ValidatePasswordMatch_CaseSensitive_ReturnsFalse"
"","7237","CategoriesPage_LoadsSuccessfully","","2026-07-22","passed","2026-07-22","","VaultGuard.Tests.Playwright.CategoryCrudTests","VaultGuard.Tests.Playwright.CategoryCrudTests",""
"","0","GenerateCode_InvalidSecret_ReturnsNull","Cryptography & Security","2026-07-22","passed","2026-07-22","TOTP Service","Two-Factor Authentication","TotpServiceTests","GenerateCode_InvalidSecret_ReturnsNull"
"","11","UpdateLastUsed_SetsLastUsedAt","Accounts & API Access","2026-07-22","passed","2026-07-22","Service Layer","API Keys","ApiKeyServiceTests","UpdateLastUsed_SetsLastUsedAt"
"","0","GenerateCode_InvalidSecret_ReturnsNull","Cryptography & Security","2026-07-22","passed","2026-07-22","TOTP Service","Two-Factor Authentication","TotpServiceTests","GenerateCode_InvalidSecret_ReturnsNull"
"","1","VerifyMasterPassword_MalformedArgon2idPhc_WrongPartCount_ReturnsFalse","Cryptography & Security","2026-07-22","passed","2026-07-22","Boundary & Edge Cases","Encryption & Key Derivation","CryptographyEdgeCaseTests","VerifyMasterPassword_MalformedArgon2idPhc_WrongPartCount_ReturnsFalse"
"","7131","FavoritesFilter_FiltersItems","","2026-07-22","passed","2026-07-22","","VaultGuard.Tests.Playwright.PasswordItemCrudTests","VaultGuard.Tests.Playwright.PasswordItemCrudTests",""
"","0","WordListSize_IsReasonablyLarge","Vault Data Management","2026-07-22","passed","2026-07-22","Passphrase Generator - Happy Path","Password Strength & Generation","PassphraseGeneratorTests","WordListSize_IsReasonablyLarge"
"","2","Create_LoginItem_ReturnsCreatedAtGetById","Vault Data Management","2026-07-22","passed","2026-07-22","Controller Endpoints","Password Items","PasswordItemsControllerTests","Create_LoginItem_ReturnsCreatedAtGetById"
"","7229","CreatePasswordItem_WithInvalidData_ShouldShowValidationErrors","","2026-07-22","passed","2026-07-22","","VaultGuard.Tests.Playwright.PasswordItemCrudTests","VaultGuard.Tests.Playwright.PasswordItemCrudTests",""
"","0","AesGcm_UsesRandomNoncePerEncryption","Cryptography & Security","2026-07-22","passed","2026-07-22","Happy-Path Round Trips","Encryption & Key Derivation","CryptographyTests","AesGcm_UsesRandomNoncePerEncryption"
"","1","GenerateCode_IsSixDigitsByDefault","Cryptography & Security","2026-07-22","passed","2026-07-22","TOTP Service","Two-Factor Authentication","TotpServiceTests","GenerateCode_IsSixDigitsByDefault"
"","7133","TagsPage_LoadsSuccessfully","","2026-07-22","passed","2026-07-22","","VaultGuard.Tests.Playwright.TagCrudTests","VaultGuard.Tests.Playwright.TagCrudTests",""
"","7149","Navigation_ToCategories_Works","","2026-07-22","passed","2026-07-22","","VaultGuard.Tests.Playwright.ApplicationWorkflowTests","VaultGuard.Tests.Playwright.ApplicationWorkflowTests",""
"","0","AesGcm_WrongKey_FailsAuthentication","Cryptography & Security","2026-07-22","passed","2026-07-22","Happy-Path Round Trips","Encryption & Key Derivation","CryptographyTests","AesGcm_WrongKey_FailsAuthentication"
"","7260","CreateCategory_WithInvalidData_ShouldShowValidationErrors","","2026-07-22","passed","2026-07-22","","VaultGuard.Tests.Playwright.CategoryCrudTests","VaultGuard.Tests.Playwright.CategoryCrudTests",""
"","2","RevokeRefreshTokenAsync_DoesNotAffectOtherTokensForSameUser","Accounts & API Access","2026-07-22","passed","2026-07-22","Refresh Token Store","API Tokens","JwtServiceTests","RevokeRefreshTokenAsync_DoesNotAffectOtherTokensForSameUser"
"","1","Constructor_WithNullPasswordCryptoService_ShouldThrowArgumentNullException","Accounts & API Access","2026-07-22","passed","2026-07-22","Service Layer","User Profiles","UserProfileServiceTests","Constructor_WithNullPasswordCryptoService_ShouldThrowArgumentNullException"
"","2","Update_WithValidIdAndCollection_ShouldReturnOkResult","Vault Data Management","2026-07-22","passed","2026-07-22","Collections Controller","Categories & Collections","CollectionsControllerTests","Update_WithValidIdAndCollection_ShouldReturnOkResult"
"","1","SetSecret_EmptyValue_RemovesField","Cryptography & Security","2026-07-22","passed","2026-07-22","TOTP Helper Algorithms","Two-Factor Authentication","TotpHelperTests","SetSecret_EmptyValue_RemovesField"
"","2","GetAll_WithoutViewPermission_ReturnsForbid","Vault Data Management","2026-07-22","passed","2026-07-22","Controller Endpoints","Password Items","PasswordItemsControllerTests","GetAll_WithoutViewPermission_ReturnsForbid"
"","0","DecryptPassword_WithNullEncryptedData_ShouldThrowArgumentNullException","Cryptography & Security","2026-07-22","passed","2026-07-22","Decryption","Password Vault Cryptography","PasswordCryptoServiceTests","DecryptPassword_WithNullEncryptedData_ShouldThrowArgumentNullException"
"","2","Update_WithoutEditPermission_ReturnsForbid","Vault Data Management","2026-07-22","passed","2026-07-22","Controller Endpoints","Password Items","PasswordItemsControllerTests","Update_WithoutEditPermission_ReturnsForbid"
"","7109","EditVault_ShouldOpenEditForm","","2026-07-22","passed","2026-07-22","","VaultGuard.Tests.Playwright.VaultCrudTests","VaultGuard.Tests.Playwright.VaultCrudTests",""
"","1","GeneratePng_EmptyContent_ReturnsEmpty","Cryptography & Security","2026-07-22","passed","2026-07-22","QR Code Provisioning","Two-Factor Authentication","QrCodeServiceTests","GeneratePng_EmptyContent_ReturnsEmpty"
"","7382","DeleteCategory_ShouldRemoveCategoryFromList","","2026-07-22","passed","2026-07-22","","VaultGuard.Tests.Playwright.CategoryCrudTests","VaultGuard.Tests.Playwright.CategoryCrudTests",""
"","0","EncryptPassword_WithEmptyUserSalt_ShouldThrowArgumentException","Cryptography & Security","2026-07-22","passed","2026-07-22","Encryption","Password Vault Cryptography","PasswordCryptoServiceTests","EncryptPassword_WithEmptyUserSalt_ShouldThrowArgumentException"
"","21","GetAllAsync_AfterSeeder_ReturnsTwentyFourRows","Vault Data Management","2026-07-22","passed","2026-07-22","Categories Service","Categories & Collections","CategoryServiceTests","GetAllAsync_AfterSeeder_ReturnsTwentyFourRows"
"","3","Delete_WithValidId_ShouldReturnNoContent","Vault Data Management","2026-07-22","passed","2026-07-22","Collections Controller","Categories & Collections","CollectionsControllerTests","Delete_WithValidId_ShouldReturnNoContent"
"","1179","VerifyMasterPassword_StillAcceptsLegacyPbkdf2Hash","Cryptography & Security","2026-07-22","passed","2026-07-22","Happy-Path Round Trips","Encryption & Key Derivation","CryptographyTests","VerifyMasterPassword_StillAcceptsLegacyPbkdf2Hash"
"","2","VerifyMasterPassword_WithIncorrectPassword_ShouldReturnFalse","Cryptography & Security","2026-07-22","passed","2026-07-22","Master Password Hashing & Verification","Password Vault Cryptography","PasswordCryptoServiceTests","VerifyMasterPassword_WithIncorrectPassword_ShouldReturnFalse"
"","7482","Search_CanFindSeededItems","","2026-07-22","passed","2026-07-22","","VaultGuard.Tests.Playwright.SeededDemoDataTests","VaultGuard.Tests.Playwright.SeededDemoDataTests",""
"","1","UpdateAsync_WithValidCollection_ShouldUpdateProperties","Vault Data Management","2026-07-22","passed","2026-07-22","Collections Service","Categories & Collections","CollectionServiceTests","UpdateAsync_WithValidCollection_ShouldUpdateProperties"
"","1","Constructor_WithNullVaultService_ShouldThrowArgumentNullException","Accounts & API Access","2026-07-22","passed","2026-07-22","Service Layer","User Profiles","UserProfileServiceTests","Constructor_WithNullVaultService_ShouldThrowArgumentNullException"
"","3","Update_WithInvalidId_ShouldReturnNotFound","Vault Data Management","2026-07-22","passed","2026-07-22","Collections Controller","Categories & Collections","CollectionsControllerTests","Update_WithInvalidId_ShouldReturnNotFound"
"","6756","Nav_VaultsGroup_ExpandsToAllVaultsLink","","2026-07-22","passed","2026-07-22","","VaultGuard.Tests.Playwright.PasskeysAndSettingsTests","VaultGuard.Tests.Playwright.PasskeysAndSettingsTests",""
"","0","ValidateName_WithNullOrEmpty_ReturnsFalse","Cryptography & Security","2026-07-22","passed","2026-07-22","Name Validation","Input Validation","InputValidationHelperTests","ValidateName_WithNullOrEmpty_ReturnsFalse"
"","180","SeededItems_CategoryIds_ReferenceExistingCategories","Platform & Infrastructure","2026-07-22","passed","2026-07-22","Full Pipeline & Referential Integrity","Data Seeding","SeedingTests","SeededItems_CategoryIds_ReferenceExistingCategories"
"","0","ValidateMasterPassword_WithoutLowercase_ReturnsFalse","Cryptography & Security","2026-07-22","passed","2026-07-22","Master Password Strength Rules","Input Validation","InputValidationHelperTests","ValidateMasterPassword_WithoutLowercase_ReturnsFalse"
"","23","ImportPasswordsAsync_AssignsUserIdToImportedItems","Vault Data Management","2026-07-22","passed","2026-07-22","","Import","ImportServiceTests","ImportPasswordsAsync_AssignsUserIdToImportedItems"
"","33","VerifyPassword_WrongPassword_ReturnsFalse_DoesNotThrow","Cryptography & Security","2026-07-22","passed","2026-07-22","Boundary & Edge Cases","Encryption & Key Derivation","CryptographyEdgeCaseTests","VerifyPassword_WrongPassword_ReturnsFalse_DoesNotThrow"
"","1","AesGcm_TamperedAuthTag_FailsAuthentication","Cryptography & Security","2026-07-22","passed","2026-07-22","Happy-Path Round Trips","Encryption & Key Derivation","CryptographyTests","AesGcm_TamperedAuthTag_FailsAuthentication"
"","52","ValidateApiKey_AfterRevoke_ReturnsNull","Accounts & API Access","2026-07-22","passed","2026-07-22","Service Layer","API Keys","ApiKeyServiceTests","ValidateApiKey_AfterRevoke_ReturnsNull"
"","0","ValidateUsername_WithLegalCharacters_ReturnsTrue","Cryptography & Security","2026-07-22","passed","2026-07-22","Username Validation","Input Validation","InputValidationHelperTests","ValidateUsername_WithLegalCharacters_ReturnsTrue"
"","1","SetProtected_False_RemovesFlag","Vault Data Management","2026-07-22","passed","2026-07-22","Protected-Field Encryption Helper","Password Items","ProtectedItemHelperTests","SetProtected_False_RemovesFlag"
"","836","Password_WrongMasterPassword_FailsToDecrypt","Cryptography & Security","2026-07-22","passed","2026-07-22","Happy-Path Round Trips","Encryption & Key Derivation","CryptographyTests","Password_WrongMasterPassword_FailsToDecrypt"
"","74","SeedCategories_OnEmptyDb_InsertsRows","Platform & Infrastructure","2026-07-22","passed","2026-07-22","Category Seeding","Data Seeding","SeedingTests","SeedCategories_OnEmptyDb_InsertsRows"
"","6","Create_WithValidCollection_ShouldReturnCreatedResult","Vault Data Management","2026-07-22","passed","2026-07-22","Collections Controller","Categories & Collections","CollectionsControllerTests","Create_WithValidCollection_ShouldReturnCreatedResult"
"","800","Password_EncryptDecrypt_RoundTrip","Cryptography & Security","2026-07-22","passed","2026-07-22","Happy-Path Round Trips","Encryption & Key Derivation","CryptographyTests","Password_EncryptDecrypt_RoundTrip"
"","7124","EditTag_ShouldUpdateTagDetails","","2026-07-22","passed","2026-07-22","","VaultGuard.Tests.Playwright.TagCrudTests","VaultGuard.Tests.Playwright.TagCrudTests",""
"","1","DeriveKeyArgon2id_MemoryBelowMinimum_Throws","Cryptography & Security","2026-07-22","passed","2026-07-22","Boundary & Edge Cases","Encryption & Key Derivation","CryptographyEdgeCaseTests","DeriveKeyArgon2id_MemoryBelowMinimum_Throws"
"","10","DeleteApiKey_ScopesToCallingUser_NotArbitraryUserId","Accounts & API Access","2026-07-22","passed","2026-07-22","Controller Endpoints","API Keys","ApiKeysControllerTests","DeleteApiKey_ScopesToCallingUser_NotArbitraryUserId"
"","1","Generate_MultiCharacterSeparator_SplitsIntoExpectedWordCount","Vault Data Management","2026-07-22","passed","2026-07-22","Passphrase Generator - Edge Cases","Password Strength & Generation","PassphraseGeneratorEdgeCaseTests","Generate_MultiCharacterSeparator_SplitsIntoExpectedWordCount"
"","1","RevokeRefreshTokenAsync_UnknownUserOrToken_DoesNotThrow","Accounts & API Access","2026-07-22","passed","2026-07-22","Refresh Token Store","API Tokens","JwtServiceTests","RevokeRefreshTokenAsync_UnknownUserOrToken_DoesNotThrow"
"","0","CreateAuthHash_DiffersForDifferentMasterKeys","Cryptography & Security","2026-07-22","passed","2026-07-22","Boundary & Edge Cases","Encryption & Key Derivation","CryptographyEdgeCaseTests","CreateAuthHash_DiffersForDifferentMasterKeys"
"","7","CreateUserAsync_WhenUserCreationFails_ShouldReturnFailureResult","Accounts & API Access","2026-07-22","passed","2026-07-22","Service Layer","User Profiles","UserProfileServiceTests","CreateUserAsync_WhenUserCreationFails_ShouldReturnFailureResult"
"","0","Evaluate_CommonPassword_IsVeryWeak","Vault Data Management","2026-07-22","passed","2026-07-22","Password Strength Scoring","Password Strength & Generation","PasswordStrengthServiceTests","Evaluate_CommonPassword_IsVeryWeak"
"","7103","CollectionsPage_LoadsSuccessfully","","2026-07-22","passed","2026-07-22","","VaultGuard.Tests.Playwright.UserManagementCrudTests","VaultGuard.Tests.Playwright.UserManagementCrudTests",""
"","7118","UpdatePasswordItem_ShouldEditExistingItem","","2026-07-22","passed","2026-07-22","","VaultGuard.Tests.Playwright.PasswordItemCrudTests","VaultGuard.Tests.Playwright.PasswordItemCrudTests",""
"","4","IssueApiKey_ValidCredentials_ReturnsOkWithPlaintextKeyOnce","Accounts & API Access","2026-07-22","passed","2026-07-22","Controller Endpoints","API Keys","ApiKeysControllerTests","IssueApiKey_ValidCredentials_ReturnsOkWithPlaintextKeyOnce"
"","281","GetByIdAsync_ShouldIncludeCustomFields","Vault Data Management","2026-07-22","passed","2026-07-22","Service Layer","Password Items","PasswordItemServiceTests","GetByIdAsync_ShouldIncludeCustomFields"
"","0","Generate_NoCapitalize_IsLowercase","Vault Data Management","2026-07-22","passed","2026-07-22","Passphrase Generator - Happy Path","Password Strength & Generation","PassphraseGeneratorTests","Generate_NoCapitalize_IsLowercase"
"","6779","Navigation_ToPasswordItems_Works","","2026-07-22","passed","2026-07-22","","VaultGuard.Tests.Playwright.ApplicationWorkflowTests","VaultGuard.Tests.Playwright.ApplicationWorkflowTests",""
"","1","ValidatePassword_WithSingleCharacter_ReturnsFalse","Cryptography & Security","2026-07-22","passed","2026-07-22","Password Length Validation","Input Validation","InputValidationHelperTests","ValidatePassword_WithSingleCharacter_ReturnsFalse"
"","83","CreateApiKey_EmptyName_ReturnsBadRequest","Accounts & API Access","2026-07-22","passed","2026-07-22","Controller Endpoints","API Keys","ApiKeysControllerTests","CreateApiKey_EmptyName_ReturnsBadRequest"
"","7104","ApiKeyManagementPage_LoadsSuccessfully","","2026-07-22","passed","2026-07-22","","VaultGuard.Tests.Playwright.UserManagementCrudTests","VaultGuard.Tests.Playwright.UserManagementCrudTests",""
"","1","ValidateName_WithIllegalCharacters_ReturnsFalse","Cryptography & Security","2026-07-22","passed","2026-07-22","Name Validation","Input Validation","InputValidationHelperTests","ValidateName_WithIllegalCharacters_ReturnsFalse"
"","174","SeededItems_CollectionIds_ReferenceExistingCollections","Platform & Infrastructure","2026-07-22","passed","2026-07-22","Full Pipeline & Referential Integrity","Data Seeding","SeedingTests","SeededItems_CollectionIds_ReferenceExistingCollections"
"","1156","VerifyMasterPassword_TrueForCorrect_FalseForWrong","Cryptography & Security","2026-07-22","passed","2026-07-22","Happy-Path Round Trips","Encryption & Key Derivation","CryptographyTests","VerifyMasterPassword_TrueForCorrect_FalseForWrong"
"","226","ForceSeedPasswordItems_OnEmptyItemSet_Succeeds","Platform & Infrastructure","2026-07-22","passed","2026-07-22","Password Item Seeding","Data Seeding","SeedingTests","ForceSeedPasswordItems_OnEmptyItemSet_Succeeds"
"","157","Argon2idAuthHash_VerifiesCorrectPassword_AndRejectsWrong","Cryptography & Security","2026-07-22","passed","2026-07-22","Happy-Path Round Trips","Encryption & Key Derivation","CryptographyTests","Argon2idAuthHash_VerifiesCorrectPassword_AndRejectsWrong"
"","22","GenerateToken_MissingNames_TrimsToEmptyNameClaim","Accounts & API Access","2026-07-22","passed","2026-07-22","Token Generation","API Tokens","JwtServiceTests","GenerateToken_MissingNames_TrimsToEmptyNameClaim"
"","7207","CreateTag_ShouldOpenDialogAndCreateTag","","2026-07-22","passed","2026-07-22","","VaultGuard.Tests.Playwright.TagCrudTests","VaultGuard.Tests.Playwright.TagCrudTests",""
"","1","Evaluate_ShortPassword_CannotBeStrong","Vault Data Management","2026-07-22","passed","2026-07-22","Password Strength Scoring","Password Strength & Generation","PasswordStrengthServiceTests","Evaluate_ShortPassword_CannotBeStrong"
"","3","GetAppliedMigrationsAsync_ShouldReturnCollection","Platform & Infrastructure","2026-07-22","passed","2026-07-22","","Database Migrations","DatabaseMigrationServiceTests","GetAppliedMigrationsAsync_ShouldReturnCollection"
"","0","Generate_WordSegments_ContainOnlyLetters","Vault Data Management","2026-07-22","passed","2026-07-22","Passphrase Generator - Edge Cases","Password Strength & Generation","PassphraseGeneratorEdgeCaseTests","Generate_WordSegments_ContainOnlyLetters"
"","2","DeleteUser_UnknownId_ReturnsNotFound","Accounts & API Access","2026-07-22","passed","2026-07-22","Controller Endpoints","User Profiles","UserProfileControllerTests","DeleteUser_UnknownId_ReturnsNotFound"
"","1","DeriveSubKey_EmptyPurpose_Throws","Cryptography & Security","2026-07-22","passed","2026-07-22","Boundary & Edge Cases","Encryption & Key Derivation","CryptographyEdgeCaseTests","DeriveSubKey_EmptyPurpose_Throws"
"","7455","SetupPage_LoadsSuccessfully","","2026-07-22","passed","2026-07-22","","VaultGuard.Tests.Playwright.UserManagementCrudTests","VaultGuard.Tests.Playwright.UserManagementCrudTests",""
"","0","Generate_NullOptions_BehavesLikeDefaultOptions","Vault Data Management","2026-07-22","passed","2026-07-22","Passphrase Generator - Edge Cases","Password Strength & Generation","PassphraseGeneratorEdgeCaseTests","Generate_NullOptions_BehavesLikeDefaultOptions"
"","1","Generate_IncludeNumberTrue_AppendsATwoDigitNumberInRange","Vault Data Management","2026-07-22","passed","2026-07-22","Passphrase Generator - Edge Cases","Password Strength & Generation","PassphraseGeneratorEdgeCaseTests","Generate_IncludeNumberTrue_AppendsATwoDigitNumberInRange"
"","6828","Settings_DeepLink_ActivatesRequestedTab (Security)","","2026-07-22","passed","2026-07-22","","VaultGuard.Tests.Playwright.PasskeysAndSettingsTests","VaultGuard.Tests.Playwright.PasskeysAndSettingsTests",""
"","0","Generate_WordCountAboveMaximum_ClampsToTwelve","Vault Data Management","2026-07-22","passed","2026-07-22","Passphrase Generator - Edge Cases","Password Strength & Generation","PassphraseGeneratorEdgeCaseTests","Generate_WordCountAboveMaximum_ClampsToTwelve"
"","0","ValidateName_WithLegalCharacters_ReturnsTrue","Cryptography & Security","2026-07-22","passed","2026-07-22","Name Validation","Input Validation","InputValidationHelperTests","ValidateName_WithLegalCharacters_ReturnsTrue"
"","1","ChangeUserPassword_WrongCurrentPassword_ReturnsBadRequest","Accounts & API Access","2026-07-22","passed","2026-07-22","Controller Endpoints","User Profiles","UserProfileControllerTests","ChangeUserPassword_WrongCurrentPassword_ReturnsBadRequest"
"","4","GetAllAsync_WhenSeederRunTwice_ReturnsDuplicates","Vault Data Management","2026-07-22","passed","2026-07-22","Categories Service","Categories & Collections","CategoryServiceTests","GetAllAsync_WhenSeederRunTwice_ReturnsDuplicates"
"","7111","ViewPasswordItemDetails_ShouldOpenDetailsDialog","","2026-07-22","passed","2026-07-22","","VaultGuard.Tests.Playwright.PasswordItemCrudTests","VaultGuard.Tests.Playwright.PasswordItemCrudTests",""
"","0","ValidateEmail_WithValidFormat_ReturnsTrue","Cryptography & Security","2026-07-22","passed","2026-07-22","Email Validation","Input Validation","InputValidationHelperTests","ValidateEmail_WithValidFormat_ReturnsTrue"
"","7298","CategoriesPage_HasExpectedUIElements","","2026-07-22","passed","2026-07-22","","VaultGuard.Tests.Playwright.CategoryCrudTests","VaultGuard.Tests.Playwright.CategoryCrudTests",""
"","4","Delete_WhenServiceThrowsException_ShouldReturnInternalServerError","Vault Data Management","2026-07-22","passed","2026-07-22","Collections Controller","Categories & Collections","CollectionsControllerTests","Delete_WhenServiceThrowsException_ShouldReturnInternalServerError"
"","1","DeriveKeyArgon2id_ZeroIterations_Throws","Cryptography & Security","2026-07-22","passed","2026-07-22","Boundary & Edge Cases","Encryption & Key Derivation","CryptographyEdgeCaseTests","DeriveKeyArgon2id_ZeroIterations_Throws"
"","142","CreateMasterKeyIdentifier_DiffersAcrossSalts_ForSamePassword","Cryptography & Security","2026-07-22","passed","2026-07-22","Boundary & Edge Cases","Encryption & Key Derivation","CryptographyEdgeCaseTests","CreateMasterKeyIdentifier_DiffersAcrossSalts_ForSamePassword"
"","7170","ProfilePage_LoadsSuccessfully","","2026-07-22","passed","2026-07-22","","VaultGuard.Tests.Playwright.UserManagementCrudTests","VaultGuard.Tests.Playwright.UserManagementCrudTests",""
"","2","GetPrincipalFromExpiredToken_WrongSigningKey_Throws","Accounts & API Access","2026-07-22","passed","2026-07-22","Expired Token Decoding","API Tokens","JwtServiceTests","GetPrincipalFromExpiredToken_WrongSigningKey_Throws"
"","7085","PasswordItemsPage_HasAddItemButton","","2026-07-22","passed","2026-07-22","","VaultGuard.Tests.Playwright.PasswordItemCrudTests","VaultGuard.Tests.Playwright.PasswordItemCrudTests",""
"","0","TryParse_RawBase32_Succeeds","Cryptography & Security","2026-07-22","passed","2026-07-22","TOTP Service","Two-Factor Authentication","TotpServiceTests","TryParse_RawBase32_Succeeds"
"","0","Generate_ProducesVariedOutput","Vault Data Management","2026-07-22","passed","2026-07-22","Passphrase Generator - Happy Path","Password Strength & Generation","PassphraseGeneratorTests","Generate_ProducesVariedOutput"
"","4","EncryptPassword_WithValidInputs_ShouldReturnEncryptedData","Cryptography & Security","2026-07-22","passed","2026-07-22","Encryption","Password Vault Cryptography","PasswordCryptoServiceTests","EncryptPassword_WithValidInputs_ShouldReturnEncryptedData"
"","1","GenerateCode_OtpAuthUri_WithDigits8_ProducesFullCode","Cryptography & Security","2026-07-22","passed","2026-07-22","TOTP Service","Two-Factor Authentication","TotpServiceTests","GenerateCode_OtpAuthUri_WithDigits8_ProducesFullCode"
"","1","ValidateRefreshTokenAsync_UnknownUser_ReturnsFalse","Accounts & API Access","2026-07-22","passed","2026-07-22","Refresh Token Store","API Tokens","JwtServiceTests","ValidateRefreshTokenAsync_UnknownUser_ReturnsFalse"
"","3","UpdateAsync_WithInvalidId_ShouldThrowException","Vault Data Management","2026-07-22","passed","2026-07-22","Collections Service","Categories & Collections","CollectionServiceTests","UpdateAsync_WithInvalidId_ShouldThrowException"
"","0","ValidateMasterPassword_WithoutDigit_ReturnsFalse","Cryptography & Security","2026-07-22","passed","2026-07-22","Master Password Strength Rules","Input Validation","InputValidationHelperTests","ValidateMasterPassword_WithoutDigit_ReturnsFalse"
"","6771","Settings_DeepLink_ActivatesRequestedTab (Vaults)","","2026-07-22","passed","2026-07-22","","VaultGuard.Tests.Playwright.PasskeysAndSettingsTests","VaultGuard.Tests.Playwright.PasskeysAndSettingsTests",""
"","5","Create_CryptoWalletItem_PreservesType","Vault Data Management","2026-07-22","passed","2026-07-22","Controller Endpoints","Password Items","PasswordItemsControllerTests","Create_CryptoWalletItem_PreservesType"
"","0","Generate_RespectsWordCountAndSeparator","Vault Data Management","2026-07-22","passed","2026-07-22","Passphrase Generator - Happy Path","Password Strength & Generation","PassphraseGeneratorTests","Generate_RespectsWordCountAndSeparator"
"","7089","AuditLogsPage_LoadsSuccessfully","","2026-07-22","passed","2026-07-22","","VaultGuard.Tests.Playwright.UserManagementCrudTests","VaultGuard.Tests.Playwright.UserManagementCrudTests",""
"","7134","CreatePasswordItem_ShouldOpenDialogAndCreateItem","","2026-07-22","passed","2026-07-22","","VaultGuard.Tests.Playwright.PasswordItemCrudTests","VaultGuard.Tests.Playwright.PasswordItemCrudTests",""
"","0","EncryptAes256Gcm_NullKey_Throws","Cryptography & Security","2026-07-22","passed","2026-07-22","Boundary & Edge Cases","Encryption & Key Derivation","CryptographyEdgeCaseTests","EncryptAes256Gcm_NullKey_Throws"
"","1","WebsiteUrlSetter_ShouldCreateLoginItemAndKeepWebsiteSynchronized","Vault Data Management","2026-07-22","passed","2026-07-22","Service Layer","Password Items","PasswordItemServiceTests","WebsiteUrlSetter_ShouldCreateLoginItemAndKeepWebsiteSynchronized"
"","1","SetProtected_True_MarksItemProtected","Vault Data Management","2026-07-22","passed","2026-07-22","Protected-Field Encryption Helper","Password Items","ProtectedItemHelperTests","SetProtected_True_MarksItemProtected"
"","0","AesGcm_TamperedNonce_FailsAuthentication","Cryptography & Security","2026-07-22","passed","2026-07-22","Happy-Path Round Trips","Encryption & Key Derivation","CryptographyTests","AesGcm_TamperedNonce_FailsAuthentication"
"","6738","Navigation_ToTags_Works","","2026-07-22","passed","2026-07-22","","VaultGuard.Tests.Playwright.ApplicationWorkflowTests","VaultGuard.Tests.Playwright.ApplicationWorkflowTests",""
"","2","CreateAsync_WhenNoCollectionsExist_ShouldMarkAsDefault","Vault Data Management","2026-07-22","passed","2026-07-22","Collections Service","Categories & Collections","CollectionServiceTests","CreateAsync_WhenNoCollectionsExist_ShouldMarkAsDefault"
"","7324","AppBar_HasDarkModeToggle","","2026-07-22","passed","2026-07-22","","VaultGuard.Tests.Playwright.UserManagementCrudTests","VaultGuard.Tests.Playwright.UserManagementCrudTests",""
"","10","TryBuildSqlServerConnectionString_WithSqlAuth_BuildsExpectedValues","Platform & Infrastructure","2026-07-22","passed","2026-07-22","","Configuration","SharedMachineDatabaseSettingsTests","TryBuildSqlServerConnectionString_WithSqlAuth_BuildsExpectedValues"
"","6856","Navigation_ToDashboard_Works","","2026-07-22","passed","2026-07-22","","VaultGuard.Tests.Playwright.ApplicationWorkflowTests","VaultGuard.Tests.Playwright.ApplicationWorkflowTests",""
"","6840","Dashboard_AppBar_HasBrandName","","2026-07-22","passed","2026-07-22","","VaultGuard.Tests.Playwright.ApplicationWorkflowTests","VaultGuard.Tests.Playwright.ApplicationWorkflowTests",""
"","0","GetRemainingSeconds_MidWindow_CountsDown","Cryptography & Security","2026-07-22","passed","2026-07-22","TOTP Service","Two-Factor Authentication","TotpServiceTests","GetRemainingSeconds_MidWindow_CountsDown"
"","293","FullSeedPipeline_CollectionsThenCategoriesThenTagsThenItems_Succeeds","Platform & Infrastructure","2026-07-22","passed","2026-07-22","Full Pipeline & Referential Integrity","Data Seeding","SeedingTests","FullSeedPipeline_CollectionsThenCategoriesThenTagsThenItems_Succeeds"
"","1","Delete_Valid_ReturnsNoContent","Vault Data Management","2026-07-22","passed","2026-07-22","Controller Endpoints","Password Items","PasswordItemsControllerTests","Delete_Valid_ReturnsNoContent"
"","0","Analyze_DetectsWeakPasswords","Cryptography & Security","2026-07-22","passed","2026-07-22","","Security Auditing","SecurityAuditServiceTests","Analyze_DetectsWeakPasswords"
"","0","AesGcm_WhitespaceOnlyPlaintext_RoundTrips","Cryptography & Security","2026-07-22","passed","2026-07-22","Boundary & Edge Cases","Encryption & Key Derivation","CryptographyEdgeCaseTests","AesGcm_WhitespaceOnlyPlaintext_RoundTrips"
"","0","Evaluate_CommonPassword_IsVeryWeak","Vault Data Management","2026-07-22","passed","2026-07-22","Password Strength Scoring","Password Strength & Generation","PasswordStrengthServiceTests","Evaluate_CommonPassword_IsVeryWeak"
"","71","SeedTags_OnEmptyDb_InsertsRows","Platform & Infrastructure","2026-07-22","passed","2026-07-22","Tag Seeding","Data Seeding","SeedingTests","SeedTags_OnEmptyDb_InsertsRows"
"","0","EncryptAes256Gcm_EmptyPlaintext_Throws","Cryptography & Security","2026-07-22","passed","2026-07-22","Boundary & Edge Cases","Encryption & Key Derivation","CryptographyEdgeCaseTests","EncryptAes256Gcm_EmptyPlaintext_Throws"
"","170","Argon2id_DiffersFromPbkdf2_ForSameInputs","Cryptography & Security","2026-07-22","passed","2026-07-22","Happy-Path Round Trips","Encryption & Key Derivation","CryptographyTests","Argon2id_DiffersFromPbkdf2_ForSameInputs"
"","1","Analyze_DetectsOldPasswords","Cryptography & Security","2026-07-22","passed","2026-07-22","","Security Auditing","SecurityAuditServiceTests","Analyze_DetectsOldPasswords"
"","1","Analyze_ManyWeakReused_ScoresLow","Cryptography & Security","2026-07-22","passed","2026-07-22","","Security Auditing","SecurityAuditServiceTests","Analyze_ManyWeakReused_ScoresLow"
"","1","ValidateEmail_WithNullOrEmpty_ReturnsFalse","Cryptography & Security","2026-07-22","passed","2026-07-22","Email Validation","Input Validation","InputValidationHelperTests","ValidateEmail_WithNullOrEmpty_ReturnsFalse"
"","1","Generate_Capitalize_CapitalisesEachWord","Vault Data Management","2026-07-22","passed","2026-07-22","Passphrase Generator - Happy Path","Password Strength & Generation","PassphraseGeneratorTests","Generate_Capitalize_CapitalisesEachWord"
"","1","CreateAuthHash_DeterministicForSameInputs","Cryptography & Security","2026-07-22","passed","2026-07-22","Boundary & Edge Cases","Encryption & Key Derivation","CryptographyEdgeCaseTests","CreateAuthHash_DeterministicForSameInputs"
"","7207","SettingsPage_LoadsSuccessfully","","2026-07-22","passed","2026-07-22","","VaultGuard.Tests.Playwright.UserManagementCrudTests","VaultGuard.Tests.Playwright.UserManagementCrudTests",""
"","6632","Passkeys_Page_HasRegisterAction","","2026-07-22","passed","2026-07-22","","VaultGuard.Tests.Playwright.PasskeysAndSettingsTests","VaultGuard.Tests.Playwright.PasskeysAndSettingsTests",""
"","0","SetProtected_Twice_DoesNotDuplicate","Vault Data Management","2026-07-22","passed","2026-07-22","Protected-Field Encryption Helper","Password Items","ProtectedItemHelperTests","SetProtected_Twice_DoesNotDuplicate"
"","1","GenerateRefreshToken_ProducesNonEmptyBase64String","Accounts & API Access","2026-07-22","passed","2026-07-22","Refresh Token Generation","API Tokens","JwtServiceTests","GenerateRefreshToken_ProducesNonEmptyBase64String"
"","0","VerifyMasterPassword_EmptyStoredHash_ReturnsFalse","Cryptography & Security","2026-07-22","passed","2026-07-22","Boundary & Edge Cases","Encryption & Key Derivation","CryptographyEdgeCaseTests","VerifyMasterPassword_EmptyStoredHash_ReturnsFalse"
"","6","SetAsDefaultAsync_ShouldSetCorrectCollectionAsDefault","Vault Data Management","2026-07-22","passed","2026-07-22","Collections Service","Categories & Collections","CollectionServiceTests","SetAsDefaultAsync_ShouldSetCorrectCollectionAsDefault"
"","0","ValidateMasterPassword_WithShortPassword_ReturnsFalse","Cryptography & Security","2026-07-22","passed","2026-07-22","Master Password Strength Rules","Input Validation","InputValidationHelperTests","ValidateMasterPassword_WithShortPassword_ReturnsFalse"
"","4","Analyze_AllStrongUniqueFresh_ScoresHigh","Cryptography & Security","2026-07-22","passed","2026-07-22","","Security Auditing","SecurityAuditServiceTests","Analyze_AllStrongUniqueFresh_ScoresHigh"
"","1","VerifyMasterPassword_MalformedArgon2idPhc_InvalidBase64_ReturnsFalse","Cryptography & Security","2026-07-22","passed","2026-07-22","Boundary & Edge Cases","Encryption & Key Derivation","CryptographyEdgeCaseTests","VerifyMasterPassword_MalformedArgon2idPhc_InvalidBase64_ReturnsFalse"
"","4","GeneratePng_ReturnsValidPngSignature","Cryptography & Security","2026-07-22","passed","2026-07-22","QR Code Provisioning","Two-Factor Authentication","QrCodeServiceTests","GeneratePng_ReturnsValidPngSignature"
"","1","GetById_OwnedItem_ReturnsOk","Vault Data Management","2026-07-22","passed","2026-07-22","Controller Endpoints","Password Items","PasswordItemsControllerTests","GetById_OwnedItem_ReturnsOk"
"","25","ValidateApiKey_WithCorrectPlaintext_ReturnsTheKey","Accounts & API Access","2026-07-22","passed","2026-07-22","Service Layer","API Keys","ApiKeyServiceTests","ValidateApiKey_WithCorrectPlaintext_ReturnsTheKey"
"","2","Update_InvalidModel_ReturnsBadRequest","Vault Data Management","2026-07-22","passed","2026-07-22","Controller Endpoints","Password Items","PasswordItemsControllerTests","Update_InvalidModel_ReturnsBadRequest"
"","0","DecryptAes256Gcm_NullEncryptedData_Throws","Cryptography & Security","2026-07-22","passed","2026-07-22","Boundary & Edge Cases","Encryption & Key Derivation","CryptographyEdgeCaseTests","DecryptAes256Gcm_NullEncryptedData_Throws"
"","1","GetUserApiKeys_NoUserIdClaim_ReturnsUnauthorized","Accounts & API Access","2026-07-22","passed","2026-07-22","Controller Endpoints","API Keys","ApiKeysControllerTests","GetUserApiKeys_NoUserIdClaim_ReturnsUnauthorized"
"","0","GenerateCode_Rfc6238Vector_T59_Produces6DigitCode","Cryptography & Security","2026-07-22","passed","2026-07-22","TOTP Service","Two-Factor Authentication","TotpServiceTests","GenerateCode_Rfc6238Vector_T59_Produces6DigitCode"
"","2","ChangeUserPassword_Valid_ReturnsNoContent","Accounts & API Access","2026-07-22","passed","2026-07-22","Controller Endpoints","User Profiles","UserProfileControllerTests","ChangeUserPassword_Valid_ReturnsNoContent"
"","2","IssueApiKey_UnknownEmail_ReturnsUnauthorized","Accounts & API Access","2026-07-22","passed","2026-07-22","Controller Endpoints","API Keys","ApiKeysControllerTests","IssueApiKey_UnknownEmail_ReturnsUnauthorized"
"","2","Delete_ItemDoesNotExist_ReturnsNotFound","Vault Data Management","2026-07-22","passed","2026-07-22","Controller Endpoints","Password Items","PasswordItemsControllerTests","Delete_ItemDoesNotExist_ReturnsNotFound"
"","7758","CompletePasswordManagementWorkflow_ShouldExecuteSuccessfully","","2026-07-22","passed","2026-07-22","","VaultGuard.Tests.Playwright.ApplicationWorkflowTests","VaultGuard.Tests.Playwright.ApplicationWorkflowTests",""
"","1","VerifyPassword_NullOrEmptyInputs_ReturnsFalse_DoesNotThrow","Cryptography & Security","2026-07-22","passed","2026-07-22","Boundary & Edge Cases","Encryption & Key Derivation","CryptographyEdgeCaseTests","VerifyPassword_NullOrEmptyInputs_ReturnsFalse_DoesNotThrow"
"","0","EncryptPassword_WithNullPassword_ShouldThrowArgumentException","Cryptography & Security","2026-07-22","passed","2026-07-22","Encryption","Password Vault Cryptography","PasswordCryptoServiceTests","EncryptPassword_WithNullPassword_ShouldThrowArgumentException"
"","68","SeedCollections_OnEmptyDb_InsertsRows","Platform & Infrastructure","2026-07-22","passed","2026-07-22","Collection Seeding","Data Seeding","SeedingTests","SeedCollections_OnEmptyDb_InsertsRows"
"","2","GetAllUsers_ReturnsOkWithUsers","Accounts & API Access","2026-07-22","passed","2026-07-22","Controller Endpoints","User Profiles","UserProfileControllerTests","GetAllUsers_ReturnsOkWithUsers"
"","2","Evaluate_MissingCharacterClasses_SuggestsAddingThem","Vault Data Management","2026-07-22","passed","2026-07-22","Password Strength Scoring","Password Strength & Generation","PasswordStrengthServiceTests","Evaluate_MissingCharacterClasses_SuggestsAddingThem"
"","2","GetAll_ChildWithoutOperationPermission_ReturnsForbid","Vault Data Management","2026-07-22","passed","2026-07-22","Controller Endpoints","Password Items","PasswordItemsControllerTests","GetAll_ChildWithoutOperationPermission_ReturnsForbid"
"","9535","HomePage_ShowsSeededDemoContent","","2026-07-22","passed","2026-07-22","","VaultGuard.Tests.Playwright.SeededDemoDataTests","VaultGuard.Tests.Playwright.SeededDemoDataTests",""
"","1","Update_ItemDoesNotExist_ReturnsNotFound","Vault Data Management","2026-07-22","passed","2026-07-22","Controller Endpoints","Password Items","PasswordItemsControllerTests","Update_ItemDoesNotExist_ReturnsNotFound"
"","1","ValidatePassword_WithNullOrEmpty_ReturnsFalse","Cryptography & Security","2026-07-22","passed","2026-07-22","Password Length Validation","Input Validation","InputValidationHelperTests","ValidatePassword_WithNullOrEmpty_ReturnsFalse"
"","0","ValidatePasswordMatch_WithMatchingPasswords_ReturnsTrue","Cryptography & Security","2026-07-22","passed","2026-07-22","Password Confirmation Matching","Input Validation","InputValidationHelperTests","ValidatePasswordMatch_WithMatchingPasswords_ReturnsTrue"
"","0","Evaluate_Null_ReturnsVeryWeakWithSuggestion","Vault Data Management","2026-07-22","passed","2026-07-22","Password Strength Scoring","Password Strength & Generation","PasswordStrengthServiceTests","Evaluate_Null_ReturnsVeryWeakWithSuggestion"
"","52","DeleteAsync_WithDefaultCollection_ShouldPromoteAnotherToDefault","Vault Data Management","2026-07-22","passed","2026-07-22","Collections Service","Categories & Collections","CollectionServiceTests","DeleteAsync_WithDefaultCollection_ShouldPromoteAnotherToDefault"
"","7115","DeleteVault_ShouldPromptConfirmation","","2026-07-22","passed","2026-07-22","","VaultGuard.Tests.Playwright.VaultCrudTests","VaultGuard.Tests.Playwright.VaultCrudTests",""
"","2","Generate_EmptySeparator_ConcatenatesWordsWithNoDelimiter","Vault Data Management","2026-07-22","passed","2026-07-22","Passphrase Generator - Edge Cases","Password Strength & Generation","PassphraseGeneratorEdgeCaseTests","Generate_EmptySeparator_ConcatenatesWordsWithNoDelimiter"
"","0","ValidateMasterPassword_WithAllRequirements_ReturnsTrue","Cryptography & Security","2026-07-22","passed","2026-07-22","Master Password Strength Rules","Input Validation","InputValidationHelperTests","ValidateMasterPassword_WithAllRequirements_ReturnsTrue"
"","10","CreateApiKey_Valid_ReturnsOkWithKey","Accounts & API Access","2026-07-22","passed","2026-07-22","Controller Endpoints","API Keys","ApiKeysControllerTests","CreateApiKey_Valid_ReturnsOkWithKey"
"","75","TryBuildSqlServerConnectionString_WithoutServerOrDatabase_ReturnsFalse","Platform & Infrastructure","2026-07-22","passed","2026-07-22","","Configuration","SharedMachineDatabaseSettingsTests","TryBuildSqlServerConnectionString_WithoutServerOrDatabase_ReturnsFalse"
"","0","AesGcm_TamperedCiphertext_FailsAuthentication","Cryptography & Security","2026-07-22","passed","2026-07-22","Happy-Path Round Trips","Encryption & Key Derivation","CryptographyTests","AesGcm_TamperedCiphertext_FailsAuthentication"
"","0","Evaluate_Empty_ReturnsVeryWeak","Vault Data Management","2026-07-22","passed","2026-07-22","Password Strength Scoring","Password Strength & Generation","PasswordStrengthServiceTests","Evaluate_Empty_ReturnsVeryWeak"
"","2","AesGcm_RoundTrip_HandlesLargePayload","Cryptography & Security","2026-07-22","passed","2026-07-22","Boundary & Edge Cases","Encryption & Key Derivation","CryptographyEdgeCaseTests","AesGcm_RoundTrip_HandlesLargePayload"
"","0","GenerateSalt_IsRandom","Cryptography & Security","2026-07-22","passed","2026-07-22","Happy-Path Round Trips","Encryption & Key Derivation","CryptographyTests","GenerateSalt_IsRandom"
"","0","ValidateMasterPassword_WithoutUppercase_ReturnsFalse","Cryptography & Security","2026-07-22","passed","2026-07-22","Master Password Strength Rules","Input Validation","InputValidationHelperTests","ValidateMasterPassword_WithoutUppercase_ReturnsFalse"
"","1","EncryptDecryptPasswordWithKey_RoundTrip","Cryptography & Security","2026-07-22","passed","2026-07-22","Boundary & Edge Cases","Encryption & Key Derivation","CryptographyEdgeCaseTests","EncryptDecryptPasswordWithKey_RoundTrip"
"","6888","Navigation_ToSettings_Works","","2026-07-22","passed","2026-07-22","","VaultGuard.Tests.Playwright.ApplicationWorkflowTests","VaultGuard.Tests.Playwright.ApplicationWorkflowTests",""
"","7099","DeleteTag_ShouldRemoveTagFromList","","2026-07-22","passed","2026-07-22","","VaultGuard.Tests.Playwright.TagCrudTests","VaultGuard.Tests.Playwright.TagCrudTests",""
"","37","CreateAuthResponseAsync_ReturnsPopulatedResponse_AndPersistsTheRefreshToken","Accounts & API Access","2026-07-22","passed","2026-07-22","Auth Response Assembly","API Tokens","JwtServiceTests","CreateAuthResponseAsync_ReturnsPopulatedResponse_AndPersistsTheRefreshToken"
"","2100","ForceSeedPasswordItems_ClearsExistingThenReseeds","Platform & Infrastructure","2026-07-22","passed","2026-07-22","Password Item Seeding","Data Seeding","SeedingTests","ForceSeedPasswordItems_ClearsExistingThenReseeds"
"","2","UpdateUserProfile_IdMismatch_ReturnsBadRequest","Accounts & API Access","2026-07-22","passed","2026-07-22","Controller Endpoints","User Profiles","UserProfileControllerTests","UpdateUserProfile_IdMismatch_ReturnsBadRequest"
"","6","ChangeUserPassword_IdMismatch_ReturnsBadRequest","Accounts & API Access","2026-07-22","passed","2026-07-22","Controller Endpoints","User Profiles","UserProfileControllerTests","ChangeUserPassword_IdMismatch_ReturnsBadRequest"
"","2","GetPendingMigrationsAsync_ShouldReturnCollection","Platform & Infrastructure","2026-07-22","passed","2026-07-22","","Database Migrations","DatabaseMigrationServiceTests","GetPendingMigrationsAsync_ShouldReturnCollection"
"","6800","Passkeys_Page_Loads","","2026-07-22","passed","2026-07-22","","VaultGuard.Tests.Playwright.PasskeysAndSettingsTests","VaultGuard.Tests.Playwright.PasskeysAndSettingsTests",""
"","2","CreateApiKey_NoUserIdClaim_ReturnsUnauthorized","Accounts & API Access","2026-07-22","passed","2026-07-22","Controller Endpoints","API Keys","ApiKeysControllerTests","CreateApiKey_NoUserIdClaim_ReturnsUnauthorized"
"","0","DeriveKey_EmptySalt_Throws","Cryptography & Security","2026-07-22","passed","2026-07-22","Boundary & Edge Cases","Encryption & Key Derivation","CryptographyEdgeCaseTests","DeriveKey_EmptySalt_Throws"
"","1","Generate_ClampsWordCountToSaneRange","Vault Data Management","2026-07-22","passed","2026-07-22","Passphrase Generator - Happy Path","Password Strength & Generation","PassphraseGeneratorTests","Generate_ClampsWordCountToSaneRange"
"","1","GetUserById_UnknownId_ReturnsNotFound","Accounts & API Access","2026-07-22","passed","2026-07-22","Controller Endpoints","User Profiles","UserProfileControllerTests","GetUserById_UnknownId_ReturnsNotFound"
"","0","GenerateCode_InvalidSecret_ReturnsNull","Cryptography & Security","2026-07-22","passed","2026-07-22","TOTP Service","Two-Factor Authentication","TotpServiceTests","GenerateCode_InvalidSecret_ReturnsNull"
"","0","GenerateRefreshToken_VariesPerCall","Accounts & API Access","2026-07-22","passed","2026-07-22","Refresh Token Generation","API Tokens","JwtServiceTests","GenerateRefreshToken_VariesPerCall"
"","2","Delete_ServiceReturnsFalse_ReturnsNotFound","Vault Data Management","2026-07-22","passed","2026-07-22","Controller Endpoints","Password Items","PasswordItemsControllerTests","Delete_ServiceReturnsFalse_ReturnsNotFound"
"","2","GetAll_WhenServiceReturnsCollections_ShouldReturnOkWithCollections","Vault Data Management","2026-07-22","passed","2026-07-22","Collections Controller","Categories & Collections","CollectionsControllerTests","GetAll_WhenServiceReturnsCollections_ShouldReturnOkWithCollections"
"","0","EncryptPassword_WithNullMasterPassword_ShouldThrowArgumentException","Cryptography & Security","2026-07-22","passed","2026-07-22","Encryption","Password Vault Cryptography","PasswordCryptoServiceTests","EncryptPassword_WithNullMasterPassword_ShouldThrowArgumentException"
"","43","GeneratePng_LargerModuleSize_ProducesLargerImage","Cryptography & Security","2026-07-22","passed","2026-07-22","QR Code Provisioning","Two-Factor Authentication","QrCodeServiceTests","GeneratePng_LargerModuleSize_ProducesLargerImage"
"","70","SeedCollections_CalledTwice_DoesNotDuplicate","Platform & Infrastructure","2026-07-22","passed","2026-07-22","Collection Seeding","Data Seeding","SeedingTests","SeedCollections_CalledTwice_DoesNotDuplicate"
"","0","Evaluate_CommonPassword_IsVeryWeak","Vault Data Management","2026-07-22","passed","2026-07-22","Password Strength Scoring","Password Strength & Generation","PasswordStrengthServiceTests","Evaluate_CommonPassword_IsVeryWeak"
"","6","CreateUserAsync_WithValidData_ShouldCreateUserWithApplicationUserId","Accounts & API Access","2026-07-22","passed","2026-07-22","Service Layer","User Profiles","UserProfileServiceTests","CreateUserAsync_WithValidData_ShouldCreateUserWithApplicationUserId"
"","3","GetMigrationStatusAsync_ShouldReturnValidStatus","Platform & Infrastructure","2026-07-22","passed","2026-07-22","","Database Migrations","DatabaseMigrationServiceTests","GetMigrationStatusAsync_ShouldReturnValidStatus"
"","1","GetById_ItemDoesNotExist_ReturnsNotFound","Vault Data Management","2026-07-22","passed","2026-07-22","Controller Endpoints","Password Items","PasswordItemsControllerTests","GetById_ItemDoesNotExist_ReturnsNotFound"
"","0","ValidatePassword_WithValidLength_ReturnsTrue","Cryptography & Security","2026-07-22","passed","2026-07-22","Password Length Validation","Input Validation","InputValidationHelperTests","ValidatePassword_WithValidLength_ReturnsTrue"
"","0","GenerateCode_InvalidSecret_ReturnsNull","Cryptography & Security","2026-07-22","passed","2026-07-22","TOTP Service","Two-Factor Authentication","TotpServiceTests","GenerateCode_InvalidSecret_ReturnsNull"
"","2","GeneratePngDataUrl_HasDataUrlPrefix","Cryptography & Security","2026-07-22","passed","2026-07-22","QR Code Provisioning","Two-Factor Authentication","QrCodeServiceTests","GeneratePngDataUrl_HasDataUrlPrefix"
"","0","GetPrincipalFromExpiredToken_AcceptsAnAlreadyExpiredToken","Accounts & API Access","2026-07-22","passed","2026-07-22","Expired Token Decoding","API Tokens","JwtServiceTests","GetPrincipalFromExpiredToken_AcceptsAnAlreadyExpiredToken"
"","1","IsProtected_NullOrUnmarked_ReturnsFalse","Vault Data Management","2026-07-22","passed","2026-07-22","Protected-Field Encryption Helper","Password Items","ProtectedItemHelperTests","IsProtected_NullOrUnmarked_ReturnsFalse"
"","2","GetUserByIdAsync_WithInvalidUserId_ShouldReturnNull","Accounts & API Access","2026-07-22","passed","2026-07-22","Service Layer","User Profiles","UserProfileServiceTests","GetUserByIdAsync_WithInvalidUserId_ShouldReturnNull"
"","0","SetSecret_EmptyValue_RemovesField","Cryptography & Security","2026-07-22","passed","2026-07-22","TOTP Helper Algorithms","Two-Factor Authentication","TotpHelperTests","SetSecret_EmptyValue_RemovesField"
"","263","MasterKeyIdentifier_VerifiesCorrectly","Cryptography & Security","2026-07-22","passed","2026-07-22","Happy-Path Round Trips","Encryption & Key Derivation","CryptographyTests","MasterKeyIdentifier_VerifiesCorrectly"
"","2","RegisterProvider_ThenImport_DispatchesToProviderAndPersistsItems","Vault Data Management","2026-07-22","passed","2026-07-22","","Import","ImportServiceTests","RegisterProvider_ThenImport_DispatchesToProviderAndPersistsItems"
"","0","Evaluate_LongComplexPassword_IsStrongOrBetter","Vault Data Management","2026-07-22","passed","2026-07-22","Password Strength Scoring","Password Strength & Generation","PasswordStrengthServiceTests","Evaluate_LongComplexPassword_IsStrongOrBetter"
"","92","SeedPasswordItemsForUser_RequiresCollectionsCategoriesTags","Platform & Infrastructure","2026-07-22","passed","2026-07-22","Password Item Seeding","Data Seeding","SeedingTests","SeedPasswordItemsForUser_RequiresCollectionsCategoriesTags"
"","2","CreateUser_InvalidModel_ReturnsBadRequest","Accounts & API Access","2026-07-22","passed","2026-07-22","Controller Endpoints","User Profiles","UserProfileControllerTests","CreateUser_InvalidModel_ReturnsBadRequest"
"","0","EncryptPassword_WithNullUserSalt_ShouldThrowArgumentException","Cryptography & Security","2026-07-22","passed","2026-07-22","Encryption","Password Vault Cryptography","PasswordCryptoServiceTests","EncryptPassword_WithNullUserSalt_ShouldThrowArgumentException"
"","19","GetByIdAsync_WithInvalidId_ShouldReturnNull","Vault Data Management","2026-07-22","passed","2026-07-22","Collections Service","Categories & Collections","CollectionServiceTests","GetByIdAsync_WithInvalidId_ShouldReturnNull"
"","6","NormalizeProvider_StripsSpacesAndNormalizesCase","Platform & Infrastructure","2026-07-22","passed","2026-07-22","","Configuration","SharedMachineDatabaseSettingsTests","NormalizeProvider_StripsSpacesAndNormalizesCase"
"","2","GetById_WhenServiceThrowsException_ShouldReturnInternalServerError","Vault Data Management","2026-07-22","passed","2026-07-22","Collections Controller","Categories & Collections","CollectionsControllerTests","GetById_WhenServiceThrowsException_ShouldReturnInternalServerError"
"","3","CreateDatabaseAsync_ShouldReturnSuccess","Platform & Infrastructure","2026-07-22","passed","2026-07-22","","Database Migrations","DatabaseMigrationServiceTests","CreateDatabaseAsync_ShouldReturnSuccess"
"","1","IssueApiKey_MissingEmailOrPassword_ReturnsBadRequest","Accounts & API Access","2026-07-22","passed","2026-07-22","Controller Endpoints","API Keys","ApiKeysControllerTests","IssueApiKey_MissingEmailOrPassword_ReturnsBadRequest"
"","7221","ImportPage_LoadsSuccessfully","","2026-07-22","passed","2026-07-22","","VaultGuard.Tests.Playwright.UserManagementCrudTests","VaultGuard.Tests.Playwright.UserManagementCrudTests",""
"","62","CreateAsync_NewCategory_IsPersisted","Vault Data Management","2026-07-22","passed","2026-07-22","Categories Service","Categories & Collections","CategoryServiceTests","CreateAsync_NewCategory_IsPersisted"
"","1","ReactivateUser_Valid_ReturnsNoContent","Accounts & API Access","2026-07-22","passed","2026-07-22","Controller Endpoints","User Profiles","UserProfileControllerTests","ReactivateUser_Valid_ReturnsNoContent"
"","3","ValidateEmail_WithInvalidFormat_ReturnsFalse","Cryptography & Security","2026-07-22","passed","2026-07-22","Email Validation","Input Validation","InputValidationHelperTests","ValidateEmail_WithInvalidFormat_ReturnsFalse"
"","0","DecryptAes256Gcm_WrongLengthNonce_Throws","Cryptography & Security","2026-07-22","passed","2026-07-22","Boundary & Edge Cases","Encryption & Key Derivation","CryptographyEdgeCaseTests","DecryptAes256Gcm_WrongLengthNonce_Throws"
"","2","SetSecret_AddsCustomField_GetSecretReturnsIt","Cryptography & Security","2026-07-22","passed","2026-07-22","TOTP Helper Algorithms","Two-Factor Authentication","TotpHelperTests","SetSecret_AddsCustomField_GetSecretReturnsIt"
"","2","Create_InvalidModel_ReturnsBadRequest","Vault Data Management","2026-07-22","passed","2026-07-22","Controller Endpoints","Password Items","PasswordItemsControllerTests","Create_InvalidModel_ReturnsBadRequest"
"","5","Constructor_WithNullLogger_ShouldThrowArgumentNullException","Accounts & API Access","2026-07-22","passed","2026-07-22","Service Layer","User Profiles","UserProfileServiceTests","Constructor_WithNullLogger_ShouldThrowArgumentNullException"
"","0","Constructor_WithNullUserManager_ShouldThrowArgumentNullException","Accounts & API Access","2026-07-22","passed","2026-07-22","Service Layer","User Profiles","UserProfileServiceTests","Constructor_WithNullUserManager_ShouldThrowArgumentNullException"
"","0","Evaluate_StrongerPassword_HasHigherOrEqualScore","Vault Data Management","2026-07-22","passed","2026-07-22","Password Strength Scoring","Password Strength & Generation","PasswordStrengthServiceTests","Evaluate_StrongerPassword_HasHigherOrEqualScore"
"","0","GenerateCode_Rfc6238Vector_LaterTime_Produces6DigitCode","Cryptography & Security","2026-07-22","passed","2026-07-22","TOTP Service","Two-Factor Authentication","TotpServiceTests","GenerateCode_Rfc6238Vector_LaterTime_Produces6DigitCode"
"","2","ImportPasswordsAsync_UnknownProvider_FailsGracefully","Vault Data Management","2026-07-22","passed","2026-07-22","","Import","ImportServiceTests","ImportPasswordsAsync_UnknownProvider_FailsGracefully"
"","6892","AdminUserManagementWorkflow_ShouldExecuteSuccessfully","","2026-07-22","passed","2026-07-22","","VaultGuard.Tests.Playwright.ApplicationWorkflowTests","VaultGuard.Tests.Playwright.ApplicationWorkflowTests",""
"","6818","Nav_SettingsGroup_ExpandsToTabLinks","","2026-07-22","passed","2026-07-22","","VaultGuard.Tests.Playwright.PasskeysAndSettingsTests","VaultGuard.Tests.Playwright.PasskeysAndSettingsTests",""
"","2","GetAll_WithPermission_ReturnsOkWithItems","Vault Data Management","2026-07-22","passed","2026-07-22","Controller Endpoints","Password Items","PasswordItemsControllerTests","GetAll_WithPermission_ReturnsOkWithItems"
"","2","DecryptPassword_CryptographyServiceThrows_ShouldPropagateException","Cryptography & Security","2026-07-22","passed","2026-07-22","Decryption","Password Vault Cryptography","PasswordCryptoServiceTests","DecryptPassword_CryptographyServiceThrows_ShouldPropagateException"
"","2","ReactivateUser_UnknownId_ReturnsNotFound","Accounts & API Access","2026-07-22","passed","2026-07-22","Controller Endpoints","User Profiles","UserProfileControllerTests","ReactivateUser_UnknownId_ReturnsNotFound"
"","15","DeleteAsync_WithNonExistentCollection_ShouldNotThrow","Vault Data Management","2026-07-22","passed","2026-07-22","Collections Service","Categories & Collections","CollectionServiceTests","DeleteAsync_WithNonExistentCollection_ShouldNotThrow"
"","0","GenerateCode_SecretWithSpaces_IsNormalised","Cryptography & Security","2026-07-22","passed","2026-07-22","TOTP Service","Two-Factor Authentication","TotpServiceTests","GenerateCode_SecretWithSpaces_IsNormalised"
"","6734","Navigation_ToProfile_Works","","2026-07-22","passed","2026-07-22","","VaultGuard.Tests.Playwright.ApplicationWorkflowTests","VaultGuard.Tests.Playwright.ApplicationWorkflowTests",""
"","6778","Settings_DeepLink_ActivatesRequestedTab (Generator)","","2026-07-22","passed","2026-07-22","","VaultGuard.Tests.Playwright.PasskeysAndSettingsTests","VaultGuard.Tests.Playwright.PasskeysAndSettingsTests",""
"","0","SetSecret_EmptyValue_RemovesField","Cryptography & Security","2026-07-22","passed","2026-07-22","TOTP Helper Algorithms","Two-Factor Authentication","TotpHelperTests","SetSecret_EmptyValue_RemovesField"
"","7103","VaultsPage_LoadsSuccessfully","","2026-07-22","passed","2026-07-22","","VaultGuard.Tests.Playwright.VaultCrudTests","VaultGuard.Tests.Playwright.VaultCrudTests",""
"","1","RevokeRefreshTokenAsync_RemovesTheToken","Accounts & API Access","2026-07-22","passed","2026-07-22","Refresh Token Store","API Tokens","JwtServiceTests","RevokeRefreshTokenAsync_RemovesTheToken"
"","2","GetUserById_KnownId_ReturnsOkWithDetails","Accounts & API Access","2026-07-22","passed","2026-07-22","Controller Endpoints","User Profiles","UserProfileControllerTests","GetUserById_KnownId_ReturnsOkWithDetails"
"","0","EncryptAes256Gcm_WrongLengthKey_Throws","Cryptography & Security","2026-07-22","passed","2026-07-22","Boundary & Edge Cases","Encryption & Key Derivation","CryptographyEdgeCaseTests","EncryptAes256Gcm_WrongLengthKey_Throws"
"","21","Create_WhenServiceThrowsException_ShouldReturnInternalServerError","Vault Data Management","2026-07-22","passed","2026-07-22","Collections Controller","Categories & Collections","CollectionsControllerTests","Create_WhenServiceThrowsException_ShouldReturnInternalServerError"
"","1","SetSecret_Trims_Whitespace","Cryptography & Security","2026-07-22","passed","2026-07-22","TOTP Helper Algorithms","Two-Factor Authentication","TotpHelperTests","SetSecret_Trims_Whitespace"
"","1","SaveRefreshTokenAsync_ThenValidate_RoundTrips","Accounts & API Access","2026-07-22","passed","2026-07-22","Refresh Token Store","API Tokens","JwtServiceTests","SaveRefreshTokenAsync_ThenValidate_RoundTrips"
"","1","Evaluate_CommonPassword_IsVeryWeak","Vault Data Management","2026-07-22","passed","2026-07-22","Password Strength Scoring","Password Strength & Generation","PasswordStrengthServiceTests","Evaluate_CommonPassword_IsVeryWeak"
"","3","CreateUser_ServiceFails_ReturnsBadRequestWithErrors","Accounts & API Access","2026-07-22","passed","2026-07-22","Controller Endpoints","User Profiles","UserProfileControllerTests","CreateUser_ServiceFails_ReturnsBadRequestWithErrors"
"","1","DeleteApiKey_ServiceReturnsTrue_ReturnsOk","Accounts & API Access","2026-07-22","passed","2026-07-22","Controller Endpoints","API Keys","ApiKeysControllerTests","DeleteApiKey_ServiceReturnsTrue_ReturnsOk"
"","0","ValidateEmail_WithTooShort_ReturnsFalse","Cryptography & Security","2026-07-22","passed","2026-07-22","Email Validation","Input Validation","InputValidationHelperTests","ValidateEmail_WithTooShort_ReturnsFalse"
"","1279","CreateApiKey_GeneratesUniqueKeys","Accounts & API Access","2026-07-22","passed","2026-07-22","Service Layer","API Keys","ApiKeyServiceTests","CreateApiKey_GeneratesUniqueKeys"
"","2","CreateMasterPasswordHash_WithNullMasterPassword_ShouldThrowArgumentException","Cryptography & Security","2026-07-22","passed","2026-07-22","Master Password Hashing & Verification","Password Vault Cryptography","PasswordCryptoServiceTests","CreateMasterPasswordHash_WithNullMasterPassword_ShouldThrowArgumentException"
"","0","Generate_DefaultOptions_HasFourWordsPlusNumber","Vault Data Management","2026-07-22","passed","2026-07-22","Passphrase Generator - Happy Path","Password Strength & Generation","PassphraseGeneratorTests","Generate_DefaultOptions_HasFourWordsPlusNumber"
"","1","GenerateUserSalt_ShouldReturnCorrectLength","Cryptography & Security","2026-07-22","passed","2026-07-22","Salt Generation","Password Vault Cryptography","PasswordCryptoServiceTests","GenerateUserSalt_ShouldReturnCorrectLength"
"","142","CreateApiKey_ReturnsPlaintextOnce_ButStoresOnlyTheHash","Accounts & API Access","2026-07-22","passed","2026-07-22","Service Layer","API Keys","ApiKeyServiceTests","CreateApiKey_ReturnsPlaintextOnce_ButStoresOnlyTheHash"
"","1","DeleteApiKey_ServiceReturnsFalse_ReturnsNotFound","Accounts & API Access","2026-07-22","passed","2026-07-22","Controller Endpoints","API Keys","ApiKeysControllerTests","DeleteApiKey_ServiceReturnsFalse_ReturnsNotFound"
"","1","GetSecret_NullItem_ReturnsNull","Cryptography & Security","2026-07-22","passed","2026-07-22","TOTP Helper Algorithms","Two-Factor Authentication","TotpHelperTests","GetSecret_NullItem_ReturnsNull"
"","0","GetRemainingSeconds_AtWindowStart_ReturnsFullPeriod","Cryptography & Security","2026-07-22","passed","2026-07-22","TOTP Service","Two-Factor Authentication","TotpServiceTests","GetRemainingSeconds_AtWindowStart_ReturnsFullPeriod"
"","197","Pbkdf2_IsDeterministic_AndSaltSensitive","Cryptography & Security","2026-07-22","passed","2026-07-22","Happy-Path Round Trips","Encryption & Key Derivation","CryptographyTests","Pbkdf2_IsDeterministic_AndSaltSensitive"
"","8","GetDefaultCollectionAsync_WhenNoDefaultButCollectionsExist_ShouldPromoteFirst","Vault Data Management","2026-07-22","passed","2026-07-22","Collections Service","Categories & Collections","CollectionServiceTests","GetDefaultCollectionAsync_WhenNoDefaultButCollectionsExist_ShouldPromoteFirst"
"","0","SetSecret_Updates_ExistingField_WithoutDuplicating","Cryptography & Security","2026-07-22","passed","2026-07-22","TOTP Helper Algorithms","Two-Factor Authentication","TotpHelperTests","SetSecret_Updates_ExistingField_WithoutDuplicating"
"","1","GenerateSalt_ZeroLength_Throws","Cryptography & Security","2026-07-22","passed","2026-07-22","Boundary & Edge Cases","Encryption & Key Derivation","CryptographyEdgeCaseTests","GenerateSalt_ZeroLength_Throws"
"","7088","SearchBox_FiltersItems","","2026-07-22","passed","2026-07-22","","VaultGuard.Tests.Playwright.PasswordItemCrudTests","VaultGuard.Tests.Playwright.PasswordItemCrudTests",""
"","0","ValidateUsername_WithSingleCharacter_ReturnsFalse","Cryptography & Security","2026-07-22","passed","2026-07-22","Username Validation","Input Validation","InputValidationHelperTests","ValidateUsername_WithSingleCharacter_ReturnsFalse"
"","3","DecryptPassword_WithValidInputs_ShouldReturnOriginalPassword","Cryptography & Security","2026-07-22","passed","2026-07-22","Decryption","Password Vault Cryptography","PasswordCryptoServiceTests","DecryptPassword_WithValidInputs_ShouldReturnOriginalPassword"
"","2","Create_WithInvalidModel_ShouldReturnBadRequest","Vault Data Management","2026-07-22","passed","2026-07-22","Collections Controller","Categories & Collections","CollectionsControllerTests","Create_WithInvalidModel_ShouldReturnBadRequest"
"","0","VerifyMasterPassword_MalformedArgon2idPhc_NonNumericParams_ReturnsFalse","Cryptography & Security","2026-07-22","passed","2026-07-22","Boundary & Edge Cases","Encryption & Key Derivation","CryptographyEdgeCaseTests","VerifyMasterPassword_MalformedArgon2idPhc_NonNumericParams_ReturnsFalse"
"","7185","CreateCreditCardItem_ShouldFillCreditCardForm","","2026-07-22","passed","2026-07-22","","VaultGuard.Tests.Playwright.PasswordItemCrudTests","VaultGuard.Tests.Playwright.PasswordItemCrudTests",""
"","1","EncryptPassword_CryptographyServiceThrows_ShouldPropagateException","Cryptography & Security","2026-07-22","passed","2026-07-22","Encryption","Password Vault Cryptography","PasswordCryptoServiceTests","EncryptPassword_CryptographyServiceThrows_ShouldPropagateException"
"","2","UpdateUserProfile_Valid_ReturnsNoContent","Accounts & API Access","2026-07-22","passed","2026-07-22","Controller Endpoints","User Profiles","UserProfileControllerTests","UpdateUserProfile_Valid_ReturnsNoContent"
"","4","Delete_ItemBelongsToAnotherUser_ReturnsNotFound","Vault Data Management","2026-07-22","passed","2026-07-22","Controller Endpoints","Password Items","PasswordItemsControllerTests","Delete_ItemBelongsToAnotherUser_ReturnsNotFound"
"","1","DeleteUser_Valid_ReturnsNoContent","Accounts & API Access","2026-07-22","passed","2026-07-22","Controller Endpoints","User Profiles","UserProfileControllerTests","DeleteUser_Valid_ReturnsNoContent"
"","2","VerifyMasterPassword_WithCorrectPassword_ShouldReturnTrue","Cryptography & Security","2026-07-22","passed","2026-07-22","Master Password Hashing & Verification","Password Vault Cryptography","PasswordCryptoServiceTests","VerifyMasterPassword_WithCorrectPassword_ShouldReturnTrue"
"","6712","Navigation_ToVaults_Works","","2026-07-22","passed","2026-07-22","","VaultGuard.Tests.Playwright.ApplicationWorkflowTests","VaultGuard.Tests.Playwright.ApplicationWorkflowTests",""
"","0","DecryptAes256Gcm_WrongLengthKey_Throws","Cryptography & Security","2026-07-22","passed","2026-07-22","Boundary & Edge Cases","Encryption & Key Derivation","CryptographyEdgeCaseTests","DecryptAes256Gcm_WrongLengthKey_Throws"
"","0","ValidateUsername_WithNullOrEmpty_ReturnsFalse","Cryptography & Security","2026-07-22","passed","2026-07-22","Username Validation","Input Validation","InputValidationHelperTests","ValidateUsername_WithNullOrEmpty_ReturnsFalse"
"","1","Analyze_EmptyVault_ScoresPerfect","Cryptography & Security","2026-07-22","passed","2026-07-22","","Security Auditing","SecurityAuditServiceTests","Analyze_EmptyVault_ScoresPerfect"
"","2","Analyze_FlagsLoginsMissingTwoFactor","Cryptography & Security","2026-07-22","passed","2026-07-22","","Security Auditing","SecurityAuditServiceTests","Analyze_FlagsLoginsMissingTwoFactor"
